brand,model
Alfa Romeo,145
Alfa Romeo,147
Alfa Romeo,155
Alfa Romeo,156
Alfa Romeo,164
Alfa Romeo,166
Alfa Romeo,2300
Alfa Romeo,Spider
ASTON MARTIN,DB12
ASTON MARTIN,DB9
ASTON MARTIN,DBS
ASTON MARTIN,DBX
ASTON MARTIN,DBX707
ASTON MARTIN,Rapide
ASTON MARTIN,Vanquish
ASTON MARTIN,Vantage
ASTON MARTIN,Virage
Audi,100
Audi,80
Audi,A1
Audi,A3
Audi,A4
Audi,A5
Audi,A6
Audi,A7
Audi,A8
Audi,Allroad
Audi,Avant
Audi,E-TRON
Audi,Q3
Audi,Q5
Audi,Q6
Audi,Q7
Audi,Q8
Audi,R8
Audi,RS
Audi,RS3
Audi,RS4
Audi,RS5
Audi,RS6
Audi,RS7
Audi,S3
Audi,S4
Audi,S5
Audi,S6
Audi,S7
Audi,S8
Audi,SQ5
Audi,SQ6
Audi,SQ8
Audi,TT
Audi,TTRS
Audi,TTS
BMW,116iA
BMW,118i
BMW,118iA
BMW,118iA/
BMW,120i
BMW,120iA
BMW,125i
BMW,130i
BMW,130iA
BMW,135iA
BMW,218i
BMW,220i
BMW,225i
BMW,316
BMW,316i
BMW,318i
BMW,318i/iA
BMW,318iA
BMW,318iS/ISA
BMW,318Ti
BMW,318Ti/TiA
BMW,320i
BMW,320iA
BMW,323Ci
BMW,323CiA
BMW,323i
BMW,323i/iA
BMW,323iA
BMW,323Ti
BMW,323TiA
BMW,325i
BMW,325i/iA
BMW,325iA
BMW,328i
BMW,328i/iA
BMW,328iA
BMW,330Ci
BMW,330CiA
BMW,330e
BMW,330i
BMW,330iA
BMW,335i
BMW,335iA
BMW,420i
BMW,428i
BMW,430i
BMW,435iA
BMW,520i
BMW,525i/iA
BMW,528i/iA
BMW,528iA
BMW,530e
BMW,530i
BMW,530i/iA
BMW,535i/iA
BMW,535iA
BMW,540i
BMW,540i/iA
BMW,540iA
BMW,540iTA
BMW,545iA
BMW,550iA
BMW,640i
BMW,645Ci
BMW,645iA
BMW,650Ci
BMW,650i
BMW,650iA
BMW,730i
BMW,730iA
BMW,735i/iA
BMW,740i
BMW,740iA
BMW,740iL/iLA
BMW,740iLA
BMW,745iA
BMW,745Le
BMW,750i
BMW,750iA
BMW,750iL
BMW,750iLA
BMW,760iL
BMW,840Ci
BMW,840CiA
BMW,850Ci/CiA
BMW,850CSi
BMW,850i
BMW,i3
BMW,i4
BMW,i5
BMW,i7
BMW,i8
BMW,iX
BMW,M
BMW,M1
BMW,M140i
BMW,M2
BMW,M235i
BMW,M240i
BMW,M3
BMW,M340i
BMW,M4
BMW,M440i
BMW,M5
BMW,M6
BMW,M760Li
BMW,M8
BMW,M850i
BMW,X1
BMW,X2
BMW,X3
BMW,X4
BMW,X5
BMW,X6
BMW,X7
BMW,Z3
BMW,Z4
BMW,Z8
BYD,D1
BYD,Dolphin
BYD,eT3
BYD,Han
BYD,King
BYD,Seal
BYD,SHARK
BYD,Song
BYD,TAN
BYD,Yuan
Cadillac,Deville/Eldorado
Cadillac,Seville
Caoa Chery,ARRIZO
Caoa Chery,iCar
Caoa Chery,Tiggo
Caoa Chery/Chery,ARRIZO
Caoa Chery/Chery,Celer
Caoa Chery/Chery,CIELO
Caoa Chery/Chery,Face
Caoa Chery/Chery,QQ
Caoa Chery/Chery,S-18
Caoa Chery/Chery,Tiggo
Chrysler,300
Chrysler,Caravan
Chrysler,Cirrus
Chrysler,Grand
Chrysler,LE
Chrysler,Neon
Chrysler,PT
Chrysler,Sebring
Chrysler,Stratus
Chrysler,TOWN
Chrysler,Vision
Citroën,AIRCROSS
Citroën,AIRCROSS7
Citroën,AX
Citroën,BASALT
Citroën,Berlingo
Citroën,BX
Citroën,C3
Citroën,C4
Citroën,C5
Citroën,C6
Citroën,C8
Citroën,DS3
Citroën,DS4
Citroën,DS5
Citroën,Evasion
Citroën,Grand
Citroën,Jumper
Citroën,Jumpy
Citroën,Xantia
Citroën,XM
Citroën,Xsara
Citroën,ZX
Citroën,Ë-Jumpy
Cross Lander,CL-244
Cross Lander,CL-330
Ferrari,12Cilinrdri
Ferrari,296
Ferrari,348
Ferrari,355
Ferrari,360
Ferrari,456
Ferrari,458
Ferrari,488
Ferrari,550
Ferrari,575M
Ferrari,612
Ferrari,812
Ferrari,California
Ferrari,F12
Ferrari,F430
Ferrari,F458
Ferrari,F599
Ferrari,F8
Ferrari,FF
Ferrari,GTC4
Ferrari,PORTOFINO
Ferrari,PUROSANGUE
Ferrari,Roma
Ferrari,SF
Fiat,147
Fiat,500
Fiat,500e
Fiat,ARGO
Fiat,Brava
Fiat,Bravo
Fiat,Cinquecento
Fiat,Coupe
Fiat,CRONOS
Fiat,Doblo
Fiat,Ducato
Fiat,Ducato-10
Fiat,Ducato-15
Fiat,Ducato-8
Fiat,Duna
Fiat,E-Scudo
Fiat,Elba
Fiat,Fastback
Fiat,Fiorino
Fiat,FREEMONT
Fiat,Grand
Fiat,Idea
Fiat,LINEA
Fiat,Marea
Fiat,MOBI
Fiat,Oggi
Fiat,Palio
Fiat,Panorama
Fiat,Premio
Fiat,PULSE
Fiat,Punto
Fiat,Scudo
Fiat,Siena
Fiat,Stilo
Fiat,Strada
Fiat,Strada/
Fiat,Tempra
Fiat,Tipo
Fiat,Titano
Fiat,Toro
Fiat,Uno
Fiat,UNO
Ford,Aerostar
Ford,Aspire
Ford,Belina
Ford,Bronco
Ford,Club
Ford,Contour
Ford,Corcel
Ford,Courier
Ford,Crown
Ford,Del
Ford,E-TRANSIT
Ford,EcoSport
Ford,EDGE
Ford,Escort
Ford,Expedition
Ford,Explorer
Ford,F-100
Ford,F-1000
Ford,F-150
Ford,F-250
Ford,Fiesta
Ford,Focus
Ford,Furglaine
Ford,Fusion
Ford,Ibiza
Ford,Ka
Ford,Ka+
Ford,Maverick
Ford,Mondeo
Ford,Mustang
Ford,Pampa
Ford,Probe
Ford,Ranger
Ford,Royale
Ford,Taurus
Ford,TERRITORY
Ford,Thunderbird
Ford,TRANSIT
Ford,Verona
Ford,Versailles
Ford,Windstar
GAC,AION
GAC,GS4
GAC,HYPTEC
GM - Chevrolet,A-10
GM - Chevrolet,A-20
GM - Chevrolet,AGILE
GM - Chevrolet,Astra
GM - Chevrolet,Blazer
GM - Chevrolet,BLAZER
GM - Chevrolet,BOLT
GM - Chevrolet,Bonanza
GM - Chevrolet,Brasinca
GM - Chevrolet,C-10
GM - Chevrolet,C-20
GM - Chevrolet,Calibra
GM - Chevrolet,CAMARO
GM - Chevrolet,Camaro
GM - Chevrolet,Caprice
GM - Chevrolet,CAPTIVA
GM - Chevrolet,Caravan
GM - Chevrolet,Cavalier
GM - Chevrolet,Celta
GM - Chevrolet,Chevette
GM - Chevrolet,Chevy
GM - Chevrolet,Cheynne
GM - Chevrolet,Classic
GM - Chevrolet,COBALT
GM - Chevrolet,Corsa
GM - Chevrolet,Corvette
GM - Chevrolet,CRUZE
GM - Chevrolet,D-10
GM - Chevrolet,D-20
GM - Chevrolet,EQUINOX
GM - Chevrolet,Ipanema
GM - Chevrolet,JOY
GM - Chevrolet,Kadett
GM - Chevrolet,Lumina
GM - Chevrolet,MALIBU
GM - Chevrolet,Marajo
GM - Chevrolet,Meriva
GM - Chevrolet,MONTANA
GM - Chevrolet,Monza
GM - Chevrolet,Omega
GM - Chevrolet,ONIX
GM - Chevrolet,Opala
GM - Chevrolet,PRISMA
GM - Chevrolet,S10
GM - Chevrolet,Saturn
GM - Chevrolet,Sierra
GM - Chevrolet,Silverado
GM - Chevrolet,SONIC
GM - Chevrolet,Sonoma
GM - Chevrolet,SpaceVan
GM - Chevrolet,SPARK
GM - Chevrolet,SPIN
GM - Chevrolet,SS10
GM - Chevrolet,Suburban
GM - Chevrolet,Suprema
GM - Chevrolet,Syclone
GM - Chevrolet,Tigra
GM - Chevrolet,TRACKER
GM - Chevrolet,Trafic
GM - Chevrolet,TRAILBLAZER
GM - Chevrolet,Vectra
GM - Chevrolet,Veraneio
GM - Chevrolet,Zafira
GWM,Haval
GWM,Ora
GWM,Poer
GWM,Tank
GWM,Wey
HAFEI,Towner
HITECH ELECTRIC,Delivery
HITECH ELECTRIC,E-Work
HITECH ELECTRIC,e.co
HITECH ELECTRIC,e.coCargo
HITECH ELECTRIC,e.coTruck
Honda,Accord
Honda,CITY
Honda,Civic
Honda,CR-V
Honda,Fit
Honda,HR-V
Honda,Odyssey
Honda,Passport
Honda,Prelude
Honda,WR-V
Honda,ZR-V
Hyundai,Accent
Hyundai,Atos
Hyundai,AZERA
Hyundai,Coupe
Hyundai,Creta
Hyundai,Cupê
Hyundai,Elantra
Hyundai,EQUUS
Hyundai,Excel
Hyundai,Galloper
Hyundai,GENESIS
Hyundai,Grand
Hyundai,H1
Hyundai,H100
Hyundai,HB20
Hyundai,HB20S
Hyundai,HB20X
Hyundai,HR
Hyundai,i30
Hyundai,i30cw
Hyundai,IONIQ
Hyundai,ix35
Hyundai,KONA
Hyundai,Matrix
Hyundai,PALISADE
Hyundai,Porter
Hyundai,Santa
Hyundai,Scoupe
Hyundai,Sonata
Hyundai,Terracan
Hyundai,Trajet
Hyundai,Tucson
Hyundai,Veloster
Hyundai,VERACRUZ
Isuzu,Amigo
Isuzu,Hombre
Isuzu,Rodeo
JAC,E-J7
JAC,E-JS1
JAC,e-JS1
JAC,e-JS4
JAC,E-JV
JAC,E-JV12
JAC,E-JV5.5
JAC,E-JV7L
JAC,HUNTER
JAC,iEV
JAC,J2
JAC,J3
JAC,J5
JAC,J6
JAC,T
JAC,T40
JAC,T5
JAC,T50
JAC,T6
JAC,T60
JAC,T8
JAC,T80
JAC,V260
Jaecoo,7
Jaguar,Daimler
Jaguar,E-Pace
Jaguar,F-PACE
Jaguar,F-Pace
Jaguar,F-Type
Jaguar,I-Pace
Jaguar,S-Type
Jaguar,X-Type
Jaguar,XE
Jaguar,XF
Jaguar,XFR
Jaguar,XFR-S
Jaguar,XJ
Jaguar,XJ-12
Jaguar,XJ-6
Jaguar,XJ-8
Jaguar,XJR
Jaguar,XJS
Jaguar,XJS-C
Jaguar,XK-8
Jaguar,XKR
Jaguar,XKR-S
Jeep,Cherokee
Jeep,Commander
Jeep,COMPASS
Jeep,Gladiator
Jeep,Grand
Jeep,Renegade
Jeep,Wrangler
Kia Motors,Besta
Kia Motors,Bongo
Kia Motors,CADENZA
Kia Motors,Carens
Kia Motors,Carnival
Kia Motors,Cerato
Kia Motors,Ceres
Kia Motors,Clarus
Kia Motors,EV5
Kia Motors,EV9
Kia Motors,Grand
Kia Motors,Magentis
Kia Motors,MOHAVE
Kia Motors,Niro
Kia Motors,Opirus
Kia Motors,OPTIMA
Kia Motors,Picanto
Kia Motors,QUORIS
Kia Motors,RIO
Kia Motors,Sephia
Kia Motors,Shuma
Kia Motors,Sorento
Kia Motors,SOUL
Kia Motors,Sportage
Kia Motors,Stinger
Kia Motors,STONIC
LAMBORGHINI,AVENTADOR
LAMBORGHINI,Gallardo
LAMBORGHINI,HURACAN
LAMBORGHINI,HURACÁN
LAMBORGHINI,REVUELTO
LAMBORGHINI,URUS
Land Rover,Def.
Land Rover,Defe.
Land Rover,Defender
Land Rover,Disc.
Land Rover,Discov.
Land Rover,Discovery
Land Rover,Discovery3
Land Rover,Discovery4
Land Rover,Freelander
Land Rover,Freelander2
Land Rover,New
Land Rover,Range
Land Rover,Range.R.
Lexus,CT200h
Lexus,ES-300
Lexus,ES-330
Lexus,ES-350
Lexus,ES300h
Lexus,GS
Lexus,IS-250
Lexus,IS-300
Lexus,LS
Lexus,LS-460L
Lexus,NX-200t
Lexus,NX-300
Lexus,NX-300h
Lexus,NX-350h
Lexus,NX-450h+
Lexus,RX
Lexus,RX-350
Lexus,RX-450h
Lexus,RX-450h+
Lexus,RX-500h
Lexus,SC
Lexus,UX-250h
Lexus,UX-300h
Maserati,222
Maserati,228
Maserati,3200
Maserati,430
Maserati,Coupé
Maserati,Ghibli
Maserati,Gran
Maserati,GranCabrio
Maserati,GranSport
Maserati,GranTurismo
Maserati,Levante
Maserati,MC20
Maserati,Quattroporte
Maserati,Shamal
Maserati,Spyder
Mazda,323
Mazda,626
Mazda,929
Mazda,B-2500
Mazda,B2200
Mazda,Millenia
Mazda,MPV
Mazda,MX-3
Mazda,MX-5
Mazda,Navajo
Mazda,Protegé
Mazda,RX
Mercedes-Benz,180-D
Mercedes-Benz,190-E
Mercedes-Benz,230-E
Mercedes-Benz,260-E
Mercedes-Benz,300-D
Mercedes-Benz,300-E
Mercedes-Benz,300-SE
Mercedes-Benz,300-SL
Mercedes-Benz,300-TE
Mercedes-Benz,500-E
Mercedes-Benz,500-SEC/
Mercedes-Benz,500-SEL
Mercedes-Benz,560-SEL
Mercedes-Benz,A
Mercedes-Benz,A-35
Mercedes-Benz,A-45
Mercedes-Benz,C-180
Mercedes-Benz,C-200
Mercedes-Benz,C-220
Mercedes-Benz,C-230
Mercedes-Benz,C-240
Mercedes-Benz,C-250
Mercedes-Benz,C-280
Mercedes-Benz,C-300
Mercedes-Benz,C-320
Mercedes-Benz,C-350
Mercedes-Benz,C-36
Mercedes-Benz,C-43
Mercedes-Benz,C-450
Mercedes-Benz,C-55
Mercedes-Benz,C-63
Mercedes-Benz,CL-500
Mercedes-Benz,CL-600
Mercedes-Benz,CL-63
Mercedes-Benz,CL-65
Mercedes-Benz,CLA-180
Mercedes-Benz,CLA-200
Mercedes-Benz,CLA-250
Mercedes-Benz,CLA-35
Mercedes-Benz,CLA-45
Mercedes-Benz,Classe
Mercedes-Benz,Classic
Mercedes-Benz,CLC
Mercedes-Benz,CLK-230
Mercedes-Benz,CLK-320
Mercedes-Benz,CLK-350
Mercedes-Benz,CLK-430
Mercedes-Benz,CLK-500
Mercedes-Benz,CLK-55
Mercedes-Benz,CLS-350
Mercedes-Benz,CLS-400
Mercedes-Benz,CLS-450
Mercedes-Benz,CLS-500
Mercedes-Benz,CLS-53
Mercedes-Benz,CLS-55
Mercedes-Benz,CLS-63
Mercedes-Benz,E-190
Mercedes-Benz,E-200
Mercedes-Benz,E-220
Mercedes-Benz,E-230
Mercedes-Benz,E-240
Mercedes-Benz,E-250
Mercedes-Benz,E-280
Mercedes-Benz,E-300
Mercedes-Benz,E-320
Mercedes-Benz,E-350
Mercedes-Benz,E-400
Mercedes-Benz,E-420
Mercedes-Benz,E-43
Mercedes-Benz,E-430
Mercedes-Benz,E-500
Mercedes-Benz,E-53
Mercedes-Benz,E-55
Mercedes-Benz,E-63
Mercedes-Benz,EQA
Mercedes-Benz,EQB
Mercedes-Benz,EQC
Mercedes-Benz,EQE
Mercedes-Benz,EQS
Mercedes-Benz,eSprinter
Mercedes-Benz,G-55
Mercedes-Benz,G-63
Mercedes-Benz,GL-350
Mercedes-Benz,GL-500
Mercedes-Benz,GL-63
Mercedes-Benz,GLA
Mercedes-Benz,GLB
Mercedes-Benz,GLC
Mercedes-Benz,GLC-300
Mercedes-Benz,GLC-43
Mercedes-Benz,GLC-63
Mercedes-Benz,GLE-350
Mercedes-Benz,GLE-400
Mercedes-Benz,GLE-43
Mercedes-Benz,GLE-450
Mercedes-Benz,GLE-53
Mercedes-Benz,GLE-63
Mercedes-Benz,GLK-220
Mercedes-Benz,GLK-280
Mercedes-Benz,GLK-300
Mercedes-Benz,GLS-350
Mercedes-Benz,GLS-450
Mercedes-Benz,GLS-500
Mercedes-Benz,GLS-63
Mercedes-Benz,GT
Mercedes-Benz,ML-230
Mercedes-Benz,ML-320
Mercedes-Benz,ML-350
Mercedes-Benz,ML-430
Mercedes-Benz,ML-500
Mercedes-Benz,ML-55
Mercedes-Benz,ML-63
Mercedes-Benz,S-320
Mercedes-Benz,S-400
Mercedes-Benz,S-420
Mercedes-Benz,S-500
Mercedes-Benz,S-500L
Mercedes-Benz,S-55
Mercedes-Benz,S-560L
Mercedes-Benz,S-600
Mercedes-Benz,S-600/
Mercedes-Benz,S-63
Mercedes-Benz,S-65
Mercedes-Benz,SE-500
Mercedes-Benz,SL-280
Mercedes-Benz,SL-320
Mercedes-Benz,SL-350
Mercedes-Benz,SL-400
Mercedes-Benz,SL-500
Mercedes-Benz,SL-55
Mercedes-Benz,SL-600
Mercedes-Benz,SL-63
Mercedes-Benz,SL-65
Mercedes-Benz,SLC-300
Mercedes-Benz,SLC-43
Mercedes-Benz,SLK-200
Mercedes-Benz,SLK-230
Mercedes-Benz,SLK-250
Mercedes-Benz,SLK-300
Mercedes-Benz,SLK-320
Mercedes-Benz,SLK-350
Mercedes-Benz,SLK-55
Mercedes-Benz,SLS-63
Mercedes-Benz,Sprin.
Mercedes-Benz,Sprinter
Mercedes-Benz,VITO
MINI,Aceman
MINI,COOPER
MINI,ONE
Mitsubishi,3000
Mitsubishi,Airtrek
Mitsubishi,ASX
Mitsubishi,ASX-S
Mitsubishi,Colt
Mitsubishi,Diamant
Mitsubishi,Eclipse
Mitsubishi,Expo
Mitsubishi,Galant
Mitsubishi,GRANDIS
Mitsubishi,L200
Mitsubishi,L300
Mitsubishi,Lancer
Mitsubishi,Mirage
Mitsubishi,Montero
Mitsubishi,OUTLANDER
Mitsubishi,Pajero
Mitsubishi,Space
Mitsubishi,Triton
Nissan,350Z
Nissan,ALTIMA
Nissan,Altima
Nissan,AX
Nissan,D-21
Nissan,Frontier
Nissan,GT-R
Nissan,Infinit
Nissan,Kait
Nissan,KICKS
Nissan,King-Cab
Nissan,LEAF
Nissan,LIVINA
Nissan,MARCH
Nissan,Maxima
Nissan,Micra
Nissan,MURANO
Nissan,NX
Nissan,Pathfinder
Nissan,Pick-Up
Nissan,Primera
Nissan,Quest
Nissan,Sentra
Nissan,Stanza
Nissan,SX
Nissan,Terrano
Nissan,TIIDA
Nissan,VERSA
Nissan,X-TRAIL
Nissan,XTerra
Nissan,ZX
Omoda,5
Omoda,7
Omoda,E5
Peugeot,106
Peugeot,2008
Peugeot,205
Peugeot,206
Peugeot,207
Peugeot,208
Peugeot,3008
Peugeot,306
Peugeot,307
Peugeot,308
Peugeot,405
Peugeot,406
Peugeot,407
Peugeot,408
Peugeot,5008
Peugeot,504
Peugeot,505
Peugeot,508
Peugeot,605
Peugeot,607
Peugeot,806
Peugeot,807
Peugeot,Boxer
Peugeot,e-2008
Peugeot,e-208
Peugeot,E-Expert
Peugeot,Expert
Peugeot,HOGGAR
Peugeot,Partner
Peugeot,RCZ
Porsche,718
Porsche,911
Porsche,928
Porsche,968
Porsche,Boxster
Porsche,Cayene
Porsche,Cayenne
Porsche,Cayman
Porsche,Macan
Porsche,Panamera
Porsche,Taycan
RAM,1500
RAM,2500
RAM,3500
RAM,CLASSIC
RAM,RAMPAGE
Renault,19
Renault,21
Renault,Boreal
Renault,CAPTUR
Renault,Clio
Renault,DUSTER
Renault,Express
Renault,FLUENCE
Renault,Kangoo
Renault,Kardian
Renault,KWID
Renault,Kwid
Renault,Laguna
Renault,LOGAN
Renault,Master
Renault,Megane
Renault,OROCH
Renault,Safrane
Renault,SANDERO
Renault,Scénic
Renault,STEPWAY
Renault,SYMBOL
Renault,Trafic
Renault,Twingo
Renault,ZOE
Rolls-Royce,Cullinan
Rolls-Royce,Dawn
Rolls-Royce,Ghost
Rolls-Royce,Phantom
Rolls-Royce,Wraith
Rover,Mini
Seat,Cordoba
Seat,Ibiza
Seat,Inca
SSANGYONG,ACTYON
SSANGYONG,Chairman
SSANGYONG,Istana
SSANGYONG,Korando
SSANGYONG,Kyron
SSANGYONG,Musso
SSANGYONG,Rexton
SSANGYONG,TIVOLI
SSANGYONG,XLV
Subaru,Forester
Subaru,Impreza
Subaru,Legacy
Subaru,Outback
Subaru,SVX
Subaru,TRIBECA
Subaru,Vivio
Subaru,XV
Suzuki,Baleno
Suzuki,Grand
Suzuki,Ignis
Suzuki,Jimny
Suzuki,S-CROSS
Suzuki,Samurai
Suzuki,Sidekick
Suzuki,Super
Suzuki,Swift
Suzuki,SX4
Suzuki,Vitara
Suzuki,Wagon
Toyota,Avalon
Toyota,Band.
Toyota,Band.Jipe
Toyota,Band.Picape
Toyota,Camry
Toyota,Celica
Toyota,Corolla
Toyota,Corona
Toyota,ETIOS
Toyota,Hiace
Toyota,Hilux
Toyota,Land
Toyota,MR-2
Toyota,Paseo
Toyota,Previa
Toyota,PRIUS
Toyota,RAV4
Toyota,Supra
Toyota,T-100
Toyota,YARIS
Troller,PANTANAL
Troller,RF
Troller,T-4
Volvo,440
Volvo,460
Volvo,850
Volvo,940
Volvo,960
Volvo,C30
Volvo,C40
Volvo,C70
Volvo,EC40
Volvo,EX30
Volvo,EX40
Volvo,EX90
Volvo,S40
Volvo,S60
Volvo,S70
Volvo,S80
Volvo,S90
Volvo,V40
Volvo,V50
Volvo,V60
Volvo,V70
Volvo,XC
VW - VolksWagen,AMAROK
VW - VolksWagen,Apolo
VW - VolksWagen,Bora
VW - VolksWagen,Caravelle
VW - VolksWagen,Corrado
VW - VolksWagen,CROSSFOX
VW - VolksWagen,Delivery
VW - VolksWagen,EOS
VW - VolksWagen,Eurovan
VW - VolksWagen,Fox
VW - VolksWagen,Fusca
VW - VolksWagen,Gol
VW - VolksWagen,Golf
VW - VolksWagen,Grand
VW - VolksWagen,JETTA
VW - VolksWagen,Kombi
VW - VolksWagen,Logus
VW - VolksWagen,New
VW - VolksWagen,Nivus
VW - VolksWagen,Parati
VW - VolksWagen,Passat
VW - VolksWagen,Pointer
VW - VolksWagen,Polo
VW - VolksWagen,Quantum
VW - VolksWagen,Santana
VW - VolksWagen,Saveiro
VW - VolksWagen,SpaceCross
VW - VolksWagen,SPACEFOX
VW - VolksWagen,T-Cross
VW - VolksWagen,TAOS
VW - VolksWagen,Tera
VW - VolksWagen,TIGUAN
VW - VolksWagen,TOUAREG
VW - VolksWagen,up!
VW - VolksWagen,Van
VW - VolksWagen,VIRTUS
VW - VolksWagen,VOYAGE
